<?xml version="1.0" encoding="UTF-8"?>
<project-private xmlns="http://www.netbeans.org/ns/project-private/1">
    <editor-bookmarks xmlns="http://www.netbeans.org/ns/editor-bookmarks/2" lastBookmarkId="0"/>
    <open-files xmlns="http://www.netbeans.org/ns/projectui-open-files/2">
        <group>
            <file>file:/C:/Users/omarp/Documents/NetBeansProjects/CRUD/src/crud/PanelCrud.java</file>
            <file>file:/C:/Users/omarp/Documents/NetBeansProjects/CRUD/src/crud/ConexionMysql.java</file>
            <file>file:/C:/Users/omarp/Documents/NetBeansProjects/CRUD/src/crud/CreaciónCRUD.java</file>
            <file>file:/C:/Users/omarp/Documents/NetBeansProjects/CRUD/src/crud/API.java</file>
        </group>
    </open-files>
</project-private>
